GameID;Date;Edition;LocalTime;HomeTeam;HomeTeamCode;AwayTeam;AwayTeamCode;HomeTeamScore;AwayTeamScore;Score (1X2);1,00;X;2,00;Group;Stage;;;;;;;;;;
1;09.06.06;2006;18:00;Germany;GER;Costa Rica;CRI;4;2;1;1,26;4,94;11,36;A;1st stage;;;;;;;;;;
2;09.06.06;2006;21:00;Poland;POL;Ecuador;ECU;0;2;2;1,90;3,25;3,75;A;1st stage;;;;;;;;;;
3;10.06.06;2006;15:00;England;ENG;Paraguay;PAR;1;0;1;1,61;3,36;5,94;B;1st stage;;;;;;;;;;
4;10.06.06;2006;18:00;Trinidad & Tobago;TTO;Sweden;SWE;0;0;X;;;;B;1st stage;;;;;;;;;;
5;10.06.06;2006;21:00;Argentina;ARG;Ivory Cost;CIV;2;1;1;;;;C;1st stage;;;;;;;;;;
6;11.06.06;2006;15:00;Serbia & Montenegro;SRM;Netherlands;NED;0;1;2;4,12;3,06;1,89;C;1st stage;;;;;;;;;;
7;11.06.06;2006;18:00;Mexico;MEX;Iran;IRN;3;1;1;;;;D;1st stage;;;;;;;;;;
8;11.06.06;2006;21:00;Angola;AGO;Portugal;POR;0;1;2;9,00;3,75;1,33;D;1st stage;;;;;;;;;;
9;12.06.06;2006;15:00;Australia;AUS;Japan;JPN;3;1;2;2,50;3,15;2,80;E;1st stage;;;;;;;;;;
10;12.06.06;2006;18:00;USA;USA;Czech Republic;CZ;0;3;2;;;;E;1st stage;;;;;;;;;;
11;12.06.06;2006;21:00;Italy;ITA;Ghana;GHA;2;0;1;1,50;3,30;6,50;F;1st stage;;;;;;;;;;
12;13.06.06;2006;21:00;Brazil;BRA;Croatia;CRO;1;0;1;1,40;3,50;8,00;F;1st stage;;;;;;;;;;
13;13.06.06;2006;18:00;France;FRA;Switzerland;SUI;0;0;X;1,65;3,25;5,40;G;1st stage;;;;;;;;;;
14;13.06.06;2006;15:00;South Korea;KOR;Togo;TOG;2;1;1;2,04;2,87;3,50;G;1st stage;;;;;;;;;;
15;14.06.06;2006;15:00;Spain;ESP;Ukraine;UKR;4;0;1;1,80;3,00;4,33;H;1st stage;;;;;;;;;;
16;14.06.06;2006;18:00;Tunisia;TUN;Saudi Arabia;KSA;2;2;X;;;;H;1st stage;;;;;;;;;;
17;14.06.06;2006;21:00;Germany;GER;Poland;POL;1;0;1;;;;A;1st stage;;;;;;;;;;
18;15.06.06;2006;15:00;Sweden;SWE;Paraguay;PAR;1;0;1;1,90;3,10;3,60;A;1st stage;;;;;;;;;;
19;15.06.06;2006;18:00;England;ENG;Trinidad & Tobago;TTO;2;0;1;1,13;5,50;15,00;B;1st stage;;;;;;;;;;
20;15.06.06;2006;21:00;Ecuador;ECU;Costa Rica;CRI;3;0;1;1,90;3,10;3,60;B;1st stage;;;;;;;;;;
21;16.06.06;2006;15:00;Argentina;ARG;Serbia & Montenegro;SRM;6;0;1;;;;C;1st stage;;;;;;;;;;
22;16.06.06;2006;18:00;Netherlands;NED;Ivory Cost;CIV;2;1;1;1,90;3,10;3,60;C;1st stage;;;;;;;;;;
23;16.06.06;2006;21:00;Mexico;MEX;Angola;AGO;0;0;X;1,40;3,50;8,00;D;1st stage;;;;;;;;;;
24;17.06.06;2006;15:00;Portugal;POR;Iran;IRN;2;0;1;1,30;4,00;9,50;D;1st stage;;;;;;;;;;
25;17.06.06;2006;18:00;Czech Republic;CZ;Ghana;GHA;0;2;2;1,61;3,30;5,00;E;1st stage;;;;;;;;;;
26;17.06.06;2006;21:00;Italy;ITA;USA;USA;1;1;X;;;;E;1st stage;;;;;;;;;;
27;18.06.06;2006;21:00;France;FRA;South Korea;KOR;1;1;X;1,44;3,50;7,00;F;1st stage;;;;;;;;;;
28;18.06.06;2006;18:00;Brazil;BRA;Australia;AUS;2;0;1;1,20;5,00;11,00;F;1st stage;;;;;;;;;;
29;18.06.06;2006;15:00;Japan;JPN;Croatia;CRO;0;0;X;5,00;3,30;1,61;G;1st stage;;;;;;;;;;
30;19.06.06;2006;21:00;Spain;ESP;Tunisia;TUN;3;1;1;1,30;4,00;9,50;G;1st stage;;;;;;;;;;
31;19.06.06;2006;18:00;Saudi Arabia;KSA;Ukraine;UKR;0;4;2;7,00;3,75;1,40;H;1st stage;;;;;;;;;;
32;19.06.06;2006;15:00;Togo;TOG;Switzerland;SUI;0;2;2;6,50;3,60;1,44;H;1st stage;;;;;;;;;;
33;20.06.06;2006;15:00;Costa Rica ;CRI;Poland;POL;1;2;2;4,50;3,30;1,66;A;1st stage;;;;;;;;;;
34;20.06.06;2006;15:00;Ecuador;ECU;Germany;GER;0;3;2;;;;A;1st stage;;;;;;;;;;
35;20.06.06;2006;21:00;Sweden;SWE;England;ENG;2;2;X;3,10;2,62;2,37;B;1st stage;;;;;;;;;;
36;20.06.06;2006;21:00;Paraguay;PAR;Trinidad & Tobago;TTO;2;0;1;1,80;3,75;3,30;B;1st stage;;;;;;;;;;
37;21.06.06;2006;15:00;Iran;IRN;Angola;AGO;1;1;X;2,40;3,10;2,60;D;1st stage;;;;;;;;;;
38;21.06.06;2006;15:00;Portugal;POR;Mexico;MEX;2;1;1;2,20;2,62;3,50;D;1st stage;;;;;;;;;;
39;21.06.06;2006;21:00;Netherlands;NED;Argentina;ARG;0;0;X;3,40;3,00;2,00;C;1st stage;;;;;;;;;;
40;21.06.06;2006;21:00;Ivory Cost;CIV;Serbia & Montenegro;SRM;3;2;1;2,10;3,20;3,00;C;1st stage;;;;;;;;;;
41;22.06.06;2006;15:00;Czech Republic;CZ;Italy;ITA;0;2;2;3,95;3,15;1,95;E;1st stage;;;;;;;;;;
42;22.06.06;2006;15:00;Ghana;GHA;USA;USA;2;1;1;2,20;3,25;2,75;E;1st stage;;;;;;;;;;
43;22.06.06;2006;21:00;Croatia;CRO;Australia;AUS;2;2;X;2,23;3,20;2,95;F;1st stage;;;;;;;;;;
44;22.06.06;2006;21:00;Japan;JPN;Brazil;BRA;1;4;2;12,00;5,25;1,21;F;1st stage;;;;;;;;;;
45;23.06.06;2006;15:00;Ukraine;UKR;Tunisia;TUN;1;0;1;1,59;3,58;6,20;H;1st stage;;;;;;;;;;
46;23.06.06;2006;15:00;Saudi Arabia;KSA;Spain;ESP;0;1;2;16,03;6,71;1,14;H;1st stage;;;;;;;;;;
47;23.06.06;2006;21:00;Switzerland;SUI;South Korea;KOR;2;0;1;1,99;2,83;4,41;G;1st stage;;;;;;;;;;
48;23.06.06;2006;21:00;Togo;TOG;France;FRA;0;2;2;14,43;6,91;1,14;G;1st stage;;;;;;;;;;
49;24.06.06;2006;17:00;Germany;GER;Sweden;SWE;2;0;1;1,63;3,46;5,63;;Round of 16;;;;;;;;;;
50;24.06.06;2006;21:00;Argentina;ARG;Mexico;MEX;1;1;X;1,37;4,08;9,39;;Round of 16;;;;;;;;;;
51;25.06.06;2006;17:00;England;ENG;Ecuador;ECU;1;0;1;1,49;3,79;7,05;;Round of 16;;;;;;;;;;
52;25.06.06;2006;21:00;Portugal;POR;Netherlands;NED;1;0;1;3,10;3,03;2,35;;Round of 16;;;;;;;;;;
53;26.06.06;2006;17:00;Italy;ITA;Australia;AUS;1;0;1;1,51;3,70;7,11;;Round of 16;;;;;;;;;;
54;26.06.06;2006;21:00;Switzerland;SUI;Ukraine;UKR;0;0;X;2,41;3,02;3,08;;Round of 16;;;;;;;;;;
55;27.06.06;2006;17:00;Brazil;BRA;Ghana;GHA;3;0;1;1,26;5,16;10,25;;Round of 16;;;;;;;;;;
56;27.06.06;2006;21:00;Spain;ESP;France;FRA;1;3;2;2,32;2,99;3,16;;Round of 16;;;;;;;;;;
57;30.06.06;2006;17:00;Germany;GER;Argentina;ARG;1;1;X;2,53;3,00;2,87;;Quarter-finals;;;;;;;;;;
58;30.06.06;2006;21:00;Italy;ITA;Ukraine;UKR;3;0;1;1,58;3,38;6,86;;Quarter-finals;;;;;;;;;;
59;01.07.06;2006;17:00;England;ENG;Portugal;POR;0;0;X;2,11;2,97;3,70;;Quarter-finals;;;;;;;;;;
60;01.07.06;2006;21:00;Brazil;BRA;France;FRA;0;1;2;1,74;3,25;5,08;;Quarter-finals;;;;;;;;;;
61;04.07.06;2006;21:00;Germany;GER;Italy;ITA;0;0;X;2,38;2,88;3,21;;Semi-finals;;;;;;;;;;
62;05.07.06;2006;21:00;Portugal;POR;France;FRA;0;1;2;3,82;2,87;2,13;;Semi-finals;;;;;;;;;;
63;08.07.06;2006;21:00;Germany;GER;Portugal;POR;3;1;1;1,85;3,30;4,29;;Third place;;;;;;;;;;
64;09.07.06;2006;21:00;Italy;ITA;France;FRA;1;1;X;2,51;2,79;3,07;;Final;;;;;;;;;;
65;11.06.10;2010;16:00;South Africa;ZAF;Mexico;MEX;1;1;X;2,92;3,13;2,54;;1st stage;;;;;;;;;;
66;11.06.10;2010;20:30;Uruguay;URU;France;FRA;0;0;X;3,56;3,12;2,20;;1st stage;;;;;;;;;;
67;12.06.10;2010;13:30;South Korea;KOR;Greece;GRE;2;0;1;2,71;2,98;2,85;;1st stage;;;;;;;;;;
68;12.06.10;2010;16:00;Argentina;ARG;Nigeria;NIG;1;0;1;1,39;4,45;8,90;;1st stage;;;;;;;;;;
69;12.06.10;2010;20:30;England;ENG;USA;USA;1;1;X;1,50;4,07;7,02;;1st stage;;;;;;;;;;
70;13.06.10;2010;13:30;Algeria;ALG;Slovenia;SVN;0;1;2;3,69;3,13;2,14;;1st stage;;;;;;;;;;
71;13.06.10;2010;16:00;Serbia;SRB;Ghana;GHA;0;1;2;2,01;3,22;4,00;;1st stage;;;;;;;;;;
72;13.06.10;2010;20:30;Germany;GER;Australia;AUS;4;0;1;1,51;3,88;7,26;;1st stage;;;;;;;;;;
73;14.06.10;2010;13:30;Netherlands;NED;Denmark;DEN;2;0;1;1,50;3,96;7,17;;1st stage;;;;;;;;;;
74;14.06.10;2010;16:00;Japan;JPN;Cameroon;CMR;1;0;1;3,66;3,09;2,17;;1st stage;;;;;;;;;;
75;14.06.10;2010;20:30;Italy;ITA;Paraguay;PAR;1;1;X;2,15;3,02;3,83;;1st stage;;;;;;;;;;
76;15.06.10;2010;13:30;New Zealand;NZD;Slovakia;SVK;1;1;X;7,64;3,91;1,49;;1st stage;;;;;;;;;;
77;15.06.10;2010;16:00;Ivory Cost;CIV;Portugal;POR;0;0;X;3,93;3,15;2,07;;1st stage;;;;;;;;;;
78;15.06.10;2010;20:30;Brazil;BRA;North Korea;NKO;2;1;1;1,10;9,36;29,33;;1st stage;;;;;;;;;;
79;16.06.10;2010;13:30;Honduras;HON;Chile;CHI;0;1;2;5,71;3,45;1,69;;1st stage;;;;;;;;;;
80;16.06.10;2010;16:00;Spain;ESP;Switzerland;SUI;0;1;2;1,27;5,19;13,53;;1st stage;;;;;;;;;;
81;16.06.10;2010;20:30;South Africa;ZAF;Uruguay;URU;0;3;2;3,31;3,02;2,38;;1st stage;;;;;;;;;;
82;17.06.10;2010;13:30;France;FRA;Mexico;MEX;0;2;2;2,09;3,12;3,88;;1st stage;;;;;;;;;;
83;17.06.10;2010;16:00;Argentina;ARG;South Korea;KOR;4;1;1;1,51;3,84;7,47;;1st stage;;;;;;;;;;
84;17.06.10;2010;20:30;Greece;GRE;Nigeria;NIG;2;1;1;3,75;3,16;2,10;;1st stage;;;;;;;;;;
85;18.06.10;2010;13:30;Slovenia;SVN;USA;USA;2;2;X;3,70;3,18;2,12;;1st stage;;;;;;;;;;
86;18.06.10;2010;16:00;England;ENG;Algeria;ALG;0;0;X;1,23;5,61;15,39;;1st stage;;;;;;;;;;
87;18.06.10;2010;20:30;Germany;GER;Serbia;SRB;0;1;2;1,63;3,75;5,75;;1st stage;;;;;;;;;;
88;19.06.10;2010;13:30;Ghana;GHA;Australia;AUS;1;1;X;2,33;3,13;3,23;;1st stage;;;;;;;;;;
89;19.06.10;2010;16:00;Netherlands;NED;Japan;JPN;1;0;1;1,43;4,12;8,63;;1st stage;;;;;;;;;;
90;19.06.10;2010;20:30;Cameroon;CMR;Denmark;DEN;1;2;2;2,88;3,16;2,54;;1st stage;;;;;;;;;;
91;20.06.10;2010;13:30;Slovakia;SVK;Paraguay;PAR;0;2;2;3,83;3,21;2,06;;1st stage;;;;;;;;;;
92;20.06.10;2010;16:00;Italy;ITA;New Zealand;NZD;1;1;X;1,21;5,88;16,07;;1st stage;;;;;;;;;;
93;20.06.10;2010;20:30;Brazil;BRA;Ivory Cost;CIV;3;1;1;1,72;3,45;5,40;;1st stage;;;;;;;;;;
94;21.06.10;2010;13:30;Portugal;POR;North Korea;NKO;7;0;1;1,37;4,42;9,82;;1st stage;;;;;;;;;;
95;21.06.10;2010;16:00;Chile;CHI;Switzerland;SUI;1;0;1;2,15;3,14;3,65;;1st stage;;;;;;;;;;
96;21.06.10;2010;20:30;Spain;ESP;Honduras;HON;2;0;1;1,11;8,58;23,00;;1st stage;;;;;;;;;;
97;22.06.10;2010;16:00;Mexico;MEX;Uruguay;URU;0;1;1;3,73;1,94;3,67;;1st stage;;;;;;;;;;
98;22.06.10;2010;16:00;France;FRA;South Africa;ZAF;1;2;2;2,10;3,40;3,48;;1st stage;;;;;;;;;;
99;22.06.10;2010;20:30;Nigeria;NIG;South Korea;KOR;2;2;X;2,94;3,27;2,44;;1st stage;;;;;;;;;;
100;22.06.10;2010;20:30;Greece;GRE;Argentina;ARG;0;2;2;7,30;4,10;1,48;;1st stage;;;;;;;;;;
101;23.06.10;2010;16:00;Slovenia;SVN;England;ENG;0;1;2;7,91;4,20;1,44;;1st stage;;;;;;;;;;
102;23.06.10;2010;16:00;USA;USA;Algeria;ALG;1;0;1;1,87;3,56;4,17;;1st stage;;;;;;;;;;
103;23.06.10;2010;20:30;Ghana;GHA;Germany;GER;0;1;2;7,63;4,26;1,45;;1st stage;;;;;;;;;;
104;23.06.10;2010;20:30;Australia;AUS;Serbia;SRB;2;1;1;4,34;3,56;1,84;;1st stage;;;;;;;;;;
105;24.06.10;2010;16:00;Denmark;DEN;Japan;JPN;1;3;2;2,23;3,22;3,37;;1st stage;;;;;;;;;;
106;24.06.10;2010;16:00;Cameroon;CMR;Netherlands;NED;1;2;2;5,39;3,78;1,65;;1st stage;;;;;;;;;;
107;24.06.10;2010;20:30;Slovakia;SVK;Italy;ITA;3;2;1;6,91;3,80;1,54;;1st stage;;;;;;;;;;
108;24.06.10;2010;20:30;Paraguay;PAR;New Zealand;NZD;0;0;X;1,39;4,43;9,08;;1st stage;;;;;;;;;;
109;25.06.10;2010;16:00;Portugal;POR;Brazil;BRA;0;0;X;3,51;2,93;2,33;;1st stage;;;;;;;;;;
110;25.06.10;2010;16:00;North Korea;NKO;Ivory Cost;CIV;0;3;2;9,03;4,94;1,35;;1st stage;;;;;;;;;;
111;25.06.10;2010;20:30;Chile;CHI;Spain;ESP;1;2;2;6,90;4,17;1,48;;1st stage;;;;;;;;;;
112;25.06.10;2010;20:30;Switzerland;SUI;Honduras;HON;0;0;X;1,53;4,00;6,57;;1st stage;;;;;;;;;;
113;26.06.10;2010;16:00;Uruguay;URU;South Korea;KOR;2;1;1;1,84;3,29;4,82;;Round of 16;;;;;;;;;;
114;26.06.10;2010;20:30;USA;USA;Ghana;GHA;1;1;X;2,40;3,07;3,18;;Round of 16;;;;;;;;;;
115;27.06.10;2010;16:00;Germany;GER;England;ENG;4;1;1;2,92;3,05;2,60;;Round of 16;;;;;;;;;;
116;27.06.10;2010;20:30;Argentina;ARG;Mexico;MEX;3;1;1;1,61;3,69;6,11;;Round of 16;;;;;;;;;;
117;28.06.10;2010;16:00;Netherlands;NED;Slovakia;SVK;2;1;1;1,39;4,41;9,33;;Round of 16;;;;;;;;;;
118;28.06.10;2010;20:30;Brazil;BRA;Chile;CHI;3;0;1;1,52;3,93;6,79;;Round of 16;;;;;;;;;;
119;29.06.10;2010;16:00;Paraguay;PAR;Japan;JPN;0;0;X;2,18;3,14;3,60;;Round of 16;;;;;;;;;;
120;29.06.10;2010;20:30;Spain;ESP;Portugal;POR;1;0;1;1,98;3,19;4,16;;Round of 16;;;;;;;;;;
121;02.07.10;2010;16:00;Netherlands;NED;Brazil;BRA;2;1;1;4,09;3,28;1,97;;Quarter-finals;;;;;;;;;;
122;02.07.10;2010;20:30;Uruguay;URU;Ghana;GHA;1;1;X;1,87;3,28;4,44;;Quarter-finals;;;;;;;;;;
123;03.07.10;2010;16:00;Argentina;ARG;Germany;GER;0;4;2;2,31;3,24;3,17;;Quarter-finals;;;;;;;;;;
124;03.07.10;2010;20:30;Paraguay;PAR;Spain;ESP;0;1;2;8,67;4,23;1,42;;Quarter-finals;;;;;;;;;;
125;06.07.10;2010;20:30;Uruguay;URU;Netherlands;NED;2;3;2;5,62;3,52;1,68;;Semi-finals;;;;;;;;;;
126;07.07.10;2010;20:30;Germany;GER;Spain;ESP;0;1;2;2,77;3,34;2,54;;Semi-finals;;;;;;;;;;
127;10.07.10;2010;20:30;Uruguay;URU;Germany;GER;2;3;2;3,89;3,63;1,91;;Third place;;;;;;;;;;
128;11.07.10;2010;20:30;Netherlands;NED;Spain;ESP;0;0;X;3,83;3,34;2,02;;Final;;;;;;;;;;
129;12.06.14;2014;17:00;Brazil;BRA;Croatia;CRO;3;1;1;1,32;5,18;11,51;;1st stage;;;;;;;;;;
130;13.06.14;2014;13:00;Mexico;MEX;Cameroon;CMR;1;0;1;2,18;3,14;3,80;;1st stage;;;;;;;;;;
131;13.06.14;2014;16:00;Spain;ESP;Netherlands;NED;1;5;2;1,83;3,36;5,11;;1st stage;;;;;;;;;;
132;13.06.14;2014;18:00;Chile;CHI;Australia;AUS;3;1;1;1,42;4,43;8,88;;1st stage;;;;;;;;;;
133;14.06.14;2014;13:00;Colombia;COL;Greece;GRE;3;0;1;1,86;3,26;5,17;;1st stage;;;;;;;;;;
134;14.06.14;2014;16:00;Uruguay;URU;Costa Rica;CRI;1;3;2;1,44;4,25;8,82;;1st stage;;;;;;;;;;
135;14.06.14;2014;18:00;England;ENG;Italy;ITA;1;2;2;2,52;2,97;3,26;;1st stage;;;;;;;;;;
136;14.06.14;2014;22:00;Ivory Cost;CIV;Japan;JPN;2;1;1;2,70;3,30;2,71;;1st stage;;;;;;;;;;
137;15.06.14;2014;13:00;Switzerland;SUI;Ecuador;ECU;2;1;1;2,43;3,20;3,14;;1st stage;;;;;;;;;;
138;15.06.14;2014;16:00;France;FRA;Honduras;HON;3;0;1;1,27;5,92;12,19;;1st stage;;;;;;;;;;
139;15.06.14;2014;19:00;Argentina;ARG;Bosnia & Herzegovina;BIH;2;1;1;1,30;5,56;10,59;;1st stage;;;;;;;;;;
140;16.06.14;2014;13:00;Germany;GER;Portugal;POR;4;0;1;2,08;3,50;3,67;;1st stage;;;;;;;;;;
141;16.06.14;2014;16:00;Iran;IRN;Nigeria;NIG;0;0;X;4,78;3,49;1,83;;1st stage;;;;;;;;;;
142;16.06.14;2014;19:00;Ghana;GHA;USA;USA;1;2;2;2,41;3,41;2,99;;1st stage;;;;;;;;;;
143;17.06.14;2014;13:00;Belgium;BEL;Algeria;ALG;2;1;1;1,33;5,22;10,25;;1st stage;;;;;;;;;;
144;17.06.14;2014;16:00;Brazil;BRA;Mexico;MEX;0;0;X;1,34;5,31;9,31;;1st stage;;;;;;;;;;
145;17.06.14;2014;18:00;Russia;RUS;South Korea;KOR;1;1;X;1,81;3,60;4,66;;1st stage;;;;;;;;;;
146;18.06.14;2014;13:00;Australia;AUS;Netherlands;NED;2;3;2;12,98;6,55;1,23;;1st stage;;;;;;;;;;
147;18.06.14;2014;16:00;Spain;ESP;Chile;CHI;0;2;2;1,57;4,45;5,55;;1st stage;;;;;;;;;;
148;18.06.14;2014;18:00;Cameroon;CMR;Croatia;CRO;0;4;2;5,51;3,92;1,65;;1st stage;;;;;;;;;;
149;19.06.14;2014;13:00;Colombia;COL;Ivory Cost;CIV;2;1;1;2,03;3,51;3,76;;1st stage;;;;;;;;;;
150;19.06.14;2014;16:00;Uruguay;URU;England;ENG;2;1;1;3,79;3,79;1,94;;1st stage;;;;;;;;;;
151;19.06.14;2014;19:00;Japan;JPN;Greece;GRE;0;0;X;2,40;3,38;3,04;;1st stage;;;;;;;;;;
152;20.06.14;2014;13:00;Italy;ITA;Costa Rica;CRI;0;1;2;1,57;4,03;6,43;;1st stage;;;;;;;;;;
153;20.06.14;2014;16:00;Switzerland;SUI;France;FRA;2;5;2;4,56;3,52;1,85;;1st stage;;;;;;;;;;
154;20.06.14;2014;19:00;Honduras;HON;Ecuador;ECU;1;2;2;5,78;4,15;1,59;;1st stage;;;;;;;;;;
155;21.06.14;2014;13:00;Argentina;ARG;Iran;IRN;1;0;1;1,14;8,52;21,17;;1st stage;;;;;;;;;;
156;21.06.14;2014;16:00;Germany;GER;Ghana;GHA;2;2;1;1,33;5,56;9,26;;1st stage;;;;;;;;;;
157;21.06.14;2014;18:00;Nigeria;NIG;Bosnia & Herzegovina;BIH;1;0;1;4,26;3,64;1,87;;1st stage;;;;;;;;;;
158;22.06.14;2014;13:00;Belgium;BEL;Russia;RUS;1;0;1;2,23;3,34;3,40;;1st stage;;;;;;;;;;
159;22.06.14;2014;16:00;South Africa;KOR;Algeria;ALG;2;4;2;2,51;3,29;2,94;;1st stage;;;;;;;;;;
160;22.06.14;2014;18:00;USA;USA;Portugal;POR;2;2;X;4,53;4,12;1,73;;1st stage;;;;;;;;;;
161;23.06.14;2014;13:00;Australia;AUS;Spain;ESP;0;3;2;7,87;5,28;1,38;;1st stage;;;;;;;;;;
162;23.06.14;2014;13:00;Netherlands;NED;Chile;CHI;2;0;1;2,67;3,54;2,61;;1st stage;;;;;;;;;;
163;23.06.14;2014;17:00;Cameroon;CMR;Brazil;BRA;1;4;2;21,64;9,33;1,13;;1st stage;;;;;;;;;;
164;23.06.14;2014;17:00;Croatia;CRO;Mexico;MEX;1;3;2;2,69;3,45;2,63;;1st stage;;;;;;;;;;
165;24.06.14;2014;13:00;Italy;ITA;Uruguay;URU;0;1;2;2,53;3,46;2,79;;1st stage;;;;;;;;;;
166;24.06.14;2014;13:00;Costa Rica ;CRI;England;ENG;0;0;X;4,37;3,96;1,78;;1st stage;;;;;;;;;;
167;24.06.14;2014;16:00;Japan;JPN;Colombia;COL;1;4;2;3,49;3,71;2,06;;1st stage;;;;;;;;;;
168;24.06.14;2014;17:00;Greece;GRE;Ivory Cost;CIV;2;1;1;4,04;3,58;1,94;;1st stage;;;;;;;;;;
169;25.06.14;2014;13:00;Nigeria;NIG;Argentina;ARG;2;3;2;9,23;4,17;1,44;;1st stage;;;;;;;;;;
170;25.06.14;2014;13:00;Bosnia & Herzegovina;BIH;Iran;IRN;3;1;1;2,22;3,52;3,25;;1st stage;;;;;;;;;;
171;25.06.14;2014;16:00;Honduras;HON;Switzerland;SUI;0;3;2;7,10;4,42;1,48;;1st stage;;;;;;;;;;
172;25.06.14;2014;17:00;Ecuador;ECU;France;FRA;0;0;X;5,53;4,11;1,61;;1st stage;;;;;;;;;;
173;26.06.14;2014;13:00;USA;USA;Germany;GER;0;1;2;8,23;3,08;1,68;;1st stage;;;;;;;;;;
174;26.06.14;2014;13:00;Portugal;POR;Ghana;GHA;2;1;1;1,77;4,75;3,76;;1st stage;;;;;;;;;;
175;26.06.14;2014;17:00;South Korea;KOR;Belgium;BEL;0;1;2;4,66;3,54;1,84;;1st stage;;;;;;;;;;
176;26.06.14;2014;17:00;Algeria;ALG;Russia;RUS;1;1;X;3,69;3,67;2,01;;1st stage;;;;;;;;;;
177;28.06.14;2014;13:00;Brazil;BRA;Chile;CHI;1;1;X;1,53;4,41;6,26;;Round of 16;;;;;;;;;;
178;28.06.14;2014;17:00;Colombia;COL;Uruguay;COL;2;0;1;2,13;3,33;3,71;;Round of 16;;;;;;;;;;
179;29.06.14;2014;13:00;Netherlands;NED;Mexico;MEX;2;1;1;2,13;3,35;3,71;;Round of 16;;;;;;;;;;
180;29.06.14;2014;17:00;Costa Rica ;CRI;Greece;GRE;1;1;X;2,69;3,06;2,94;;Round of 16;;;;;;;;;;
181;30.06.14;2014;13:00;France;FRA;Nigeria;NIG;2;0;1;1,41;4,61;8,82;;Round of 16;;;;;;;;;;
182;30.06.14;2014;17:00;Germany;GER;Algeria;ALG;0;0;X;1,31;5,51;10,46;;Round of 16;;;;;;;;;;
183;01.07.14;2014;13:00;Argentina;ARG;Switzerland;SUI;0;0;X;1,56;4,12;6,42;;Round of 16;;;;;;;;;;
184;01.07.14;2014;17:00;Belgium;BEL;USA;USA;0;0;X;2,02;3,40;4,02;;Round of 16;;;;;;;;;;
185;04.07.14;2014;13:00;France;FRA;Germany;GER;0;1;2;2,82;3,12;2,76;;Quarter-finals;;;;;;;;;;
186;04.07.14;2014;17:00;Brazil;BRA;Colombia;COL;2;1;1;1,77;3,79;4,81;;Quarter-finals;;;;;;;;;;
187;05.07.14;2014;13:00;Argentina;ARG;Belgium;BEL;1;0;1;1,98;3,36;4,21;;Quarter-finals;;;;;;;;;;
188;05.07.14;2014;17:00;Netherlands;NED;Costa Rica;CRI;0;0;X;1,52;4,14;7,11;;Quarter-finals;;;;;;;;;;
189;08.07.14;2014;17:00;Brazil;BRA;Germany;GER;1;7;2;2,65;3,19;2,92;;Semi-finals;;;;;;;;;;
190;09.07.14;2014;17:00;Netherlands;NED;Argentina;ARG;0;0;X;3,04;3,23;2,54;;Semi-finals;;;;;;;;;;
191;12.07.14;2014;17:00;Brazil;BRA;Netherlands;NED;0;3;2;2,17;3,71;3,27;;Third place;;;;;;;;;;
192;13.07.14;2014;16:00;Germany;GER;Argentina;ARG;0;0;X;2,37;3,28;3,30;;Final;;;;;;;;;;
193;14.06.18;2018;18:00;Russia;RUS;Saudi Arabia;KSA;5;0;1;1,46;4,33;9,11;;1st stage;;;;;;;;;;
194;15.06.18;2018;17:00;Egypt;EGY;Uruguay;URU;0;1;2;8,32;4,09;1,51;;1st stage;;;;;;;;;;
195;15.06.18;2018;18:00;Morocco;MAR;Iran;IRN;0;1;2;2,23;2,98;4,17;;1st stage;;;;;;;;;;
196;15.06.18;2018;21:00;Portugal;POR;Spain;ESP;3;3;X;4,42;3,25;2,03;;1st stage;;;;;;;;;;
197;16.06.18;2018;13:00;France;FRA;Australia;AUS;2;1;1;1,26;7,25;10,60;;1st stage;;;;;;;;;;
198;16.06.18;2018;16:00;Argentina;ARG;Iceland;ISL;1;1;X;1,33;5,37;11,48;;1st stage;;;;;;;;;;
199;16.06.18;2018;19:00;Peru;PER;Denmark;DEN;0;1;2;3,69;3,10;2,33;;1st stage;;;;;;;;;;
200;16.06.18;2018;21:00;Croatia;CRO;Nigeria;NIG;2;0;1;1,68;3,76;6,15;;1st stage;;;;;;;;;;
201;17.06.18;2018;16:00;Costa Rica ;CRI;Serbia;SRB;0;1;2;5,33;3,42;1,84;;1st stage;;;;;;;;;;
202;17.06.18;2018;18:00;Germany;GER;Mexico;MEX;0;1;2;1,50;4,55;7,23;;1st stage;;;;;;;;;;
203;17.06.18;2018;21:00;Brazil;BRA;Switzerland;SUI;1;1;X;1,48;4,40;8,20;;1st stage;;;;;;;;;;
204;18.06.18;2018;15:00;Sweden;SWE;South Korea;KOR;1;0;1;2,27;3,05;3,90;;1st stage;;;;;;;;;;
205;18.06.18;2018;18:00;Belgium;BEL;Panama;PAN;3;0;1;1,22;6,74;17,86;;1st stage;;;;;;;;;;
206;18.06.18;2018;21:00;Tunisia;TUN;England;ENG;1;2;2;8,46;4,23;1,49;;1st stage;;;;;;;;;;
207;19.06.18;2018;15:00;Colombia;COL;Japan;JPN;1;2;2;1,89;3,33;5,12;;1st stage;;;;;;;;;;
208;19.06.18;2018;18:00;Poland;POL;Senegal;SEN;1;2;2;2,52;3,04;3,33;;1st stage;;;;;;;;;;
209;19.06.18;2018;21:00;Russia;RUS;Egypt;EGY;3;1;1;1,95;3,58;4,31;;1st stage;;;;;;;;;;
210;20.06.18;2018;15:00;Portugal;POR;Morocco;MAR;1;0;1;1,70;3,71;6,07;;1st stage;;;;;;;;;;
211;20.06.18;2018;18:00;Uruguay;URU;Saudi Arabia;KSA;1;0;1;1,22;6,67;18,44;;1st stage;;;;;;;;;;
212;20.06.18;2018;21:00;Iran;IRN;Spain;ESP;0;1;2;19,42;6,78;1,21;;1st stage;;;;;;;;;;
213;21.06.18;2018;16:00;Denmark;DEN;Australia;AUS;1;1;X;1,92;3,42;4,68;;1st stage;;;;;;;;;;
214;21.06.18;2018;20:00;France;FRA;Peru;PER;1;0;1;1,62;3,86;6,60;;1st stage;;;;;;;;;;
215;21.06.18;2018;21:00;Argentina;ARG;Croatia;CRO;0;3;2;2,11;3,27;4,14;;1st stage;;;;;;;;;;
216;22.06.18;2018;15:00;Brazil;BRA;Costa Rica;CRI;2;0;1;1,21;6,70;19,58;;1st stage;;;;;;;;;;
217;22.06.18;2018;18:00;Nigeria;NIG;Iceland;ISL;2;0;1;2,99;3,08;2,72;;1st stage;;;;;;;;;;
218;22.06.18;2018;20:00;Serbia;SRB;Switzerland;SUI;1;2;2;2,77;3,03;3,00;;1st stage;;;;;;;;;;
219;23.06.18;2018;15:00;Belgium;BEL;Tunisia;TUN;5;2;1;1,34;5,16;12,07;;1st stage;;;;;;;;;;
220;23.06.18;2018;18:00;South Korea;KOR;Mexico;MEX;1;2;2;5,63;3,82;1,71;;1st stage;;;;;;;;;;
221;23.06.18;2018;21:00;Germany;GER;Sweden;SWE;2;1;1;1,47;4,64;7,70;;1st stage;;;;;;;;;;
222;24.06.18;2018;15:00;England;ENG;Panama;PAN;6;1;1;1,22;6,39;18,94;;1st stage;;;;;;;;;;
223;24.06.18;2018;20:00;Japan;JPN;Senegal;SEN;2;2;X;3,20;2,94;2,68;;1st stage;;;;;;;;;;
224;24.06.18;2018;21:00;Poland;POL;Colombia;COL;0;3;2;3,49;3,44;2,22;;1st stage;;;;;;;;;;
225;25.06.18;2018;18:00;Uruguay;URU;Russia;RUS;3;0;1;2,77;3,05;2,96;;1st stage;;;;;;;;;;
226;25.06.18;2018;17:00;Saudi Arabia;KSA;Egypt;EGY;2;1;1;5,31;3,63;1,77;;1st stage;;;;;;;;;;
227;25.06.18;2018;21:00;Iran;IRN;Portugal;POR;1;1;X;6,28;4,09;1,61;;1st stage;;;;;;;;;;
228;25.06.18;2018;20:00;Spain;ESP;Morocco;MAR;2;2;X;1,37;5,05;10,10;;1st stage;;;;;;;;;;
229;26.06.18;2018;17:00;Denmark;DEN;France;FRA;0;0;X;5,46;2,76;2,07;;1st stage;;;;;;;;;;
230;26.06.18;2018;17:00;Australia;AUS;Peru;PER;0;2;2;2,95;3,52;2,48;;1st stage;;;;;;;;;;
231;26.06.18;2018;21:00;Nigeria;NIG;Argentina;ARG;1;2;2;5,96;5,19;1,50;;1st stage;;;;;;;;;;
232;26.06.18;2018;21:00;Iceland;ISL;Croatia;CRO;1;2;2;4,42;4,00;1,82;;1st stage;;;;;;;;;;
233;27.06.18;2018;17:00;South Korea;KOR;Germany;GER;2;0;1;19,52;8,28;1,17;;1st stage;;;;;;;;;;
234;27.06.18;2018;19:00;Mexico;MEX;Sweden;SWE;0;3;2;2,22;3,39;3,57;;1st stage;;;;;;;;;;
235;27.06.18;2018;21:00;Serbia;SRB;Brazil;BRA;0;2;2;7,59;4,65;1,47;;1st stage;;;;;;;;;;
236;27.06.18;2018;21:00;Switzerland;SUI;Costa Rica;CRI;2;2;X;1,60;3,66;7,64;;1st stage;;;;;;;;;;
237;28.06.18;2018;17:00;Japan;JPN;Poland;POL;0;1;2;2,94;3,12;2,72;;1st stage;;;;;;;;;;
238;28.06.18;2018;18:00;Senegal;SEN;Colombia;COL;0;1;2;5,13;3,78;1,76;;1st stage;;;;;;;;;;
239;28.06.18;2018;20:00;England;ENG;Belgium;BEL;0;1;2;2,48;2,84;3,68;;1st stage;;;;;;;;;;
240;28.06.18;2018;21:00;Panama;PAN;Tunisia;TUN;1;2;2;4,34;3,76;1,88;;1st stage;;;;;;;;;;
241;6.30.2018;2018;17:00;France;FRA;Argentina;ARG;4;3;1;2,45;3,11;3,34;;Round of 16;;;;;;;;;;
242;6.30.2018;2018;21:00;Uruguay;URU;Portugal;POR;2;1;1;3,07;3,00;2,74;;Round of 16;;;;;;;;;;
243;07.01.2018;2018;17:00;Spain;ESP;Russia;RUS;1;2;X;1,59;4,12;6,49;;Round of 16;;;;;;;;;;
244;07.01.2018;2018;21:00;Croatia;CRO;Denmark;DEN;2;1;X;1,98;3,24;4,69;;Round of 16;;;;;;;;;;
245;07.02.2018;2018;18:00;Brazil;BRA;Mexico;MEX;2;0;1;1,49;4,46;7,77;;Round of 16;;;;;;;;;;
246;07.02.2018;2018;21:00;Belgium;BEL;Japan;JPN;3;2;1;1,42;4,69;8,78;;Round of 16;;;;;;;;;;
247;07.03.2018;2018;17:00;Sweden;SWE;Switzerland;SUI;1;0;1;3,42;2,96;2,53;;Round of 16;;;;;;;;;;
248;07.03.2018;2018;21:00;Colombia;COL;England;ENG;1;1;X;4,12;3,12;2,15;;Round of 16;;;;;;;;;;
249;07.06.2018;2018;17:00;Uruguay;URU;France;FRA;0;2;2;4,73;3,12;2,02;;Quarter-finals;;;;;;;;;;
250;07.06.2018;2018;21:00;Brazil;BRA;Belgium;BEL;1;2;2;2,13;3,45;3,76;;Quarter-finals;;;;;;;;;;
251;07.07.2018;2018;18:00;Sweden;SWE;England;ENG;0;2;2;5,22;3,40;1,85;;Quarter-finals;;;;;;;;;;
252;07.07.2018;2018;21:00;Russia;RUS;Croatia;CRO;1;1;X;4,08;3,16;2,15;;Quarter-finals;;;;;;;;;;
253;07.10.2018;2018;21:00;France;FRA;Belgium;BEL;1;0;1;2,61;3,13;3,07;;Semi-finals;;;;;;;;;;
254;07.11.2018;2018;21:00;Croatia;CRO;England;ENG;1;1;X;3,90;3,00;2,29;;Semi-finals;;;;;;;;;;
255;07.14.2018;2018;17:00;Belgium;BEL;England;ENG;2;0;1;2,20;3,84;3,23;;Third place;;;;;;;;;;
256;07.15.2018;2018;18:00;France;FRA;Croatia;CRO;4;2;1;2,16;3,05;4,26;;Final;;;;;;;;;;
;;;;;;;;;;;;;;;;;;;;;;;;;
;;;;;;;;;;;;;;;;;;;;;;;;;
;;;;;;;;;;;;;;;;;;;;;;;;;
;;;;;;;;;;;;;;;;;;;;;;;;;
;;;;;;;;;;;;;;;;;;;;;;;;;
;;;;;;;;;;;;;;;;;;;;;;;;;
;;;;;;;;;;;;;;;;;;;;;;;;;
;;;;;;;;;;;;;;;;;;;;;;;;;
;;;;;;;;;;;;;;;;;;;;;;;;;
;;;;;;;;;;;;;;;;;;;;;;;;;
;;;;;;;;;;;;;;;;;;;;;;;;;
;;;;;;;;;;;;;;;;;;;;;;;;;
;;;;;;;;;;;;;;;;;;;;;;;;;
;;;;;;;;;;;;;;;;;;;;;;;;;
;;;;;;;;;;;;;;;;;;;;;;;;;
;;;;;;;;;;;;;;;;;;;;;;;;;
;;;;;;;;;;;;;;;;;;;;;;;;;
;;;;;;;;;;;;;;;;;;;;;;;;;
;;;;;;;;;;;;;;;;;;;;;;;;;
;;;;;;;;;;;;;;;;;;;;;;;;;
;;;;;;;;;;;;;;;;;;;;;;;;;
;;;;;;;;;;;;;;;;;;;;;;;;;
;;;;;;;;;;;;;;;;;;;;;;;;;
;;;;;;;;;;;;;;;;;;;;;;;;;
;;;;;;;;;;;;;;;;;;;;;;;;;
;;;;;;;;;;;;;;;;;;;;;;;;;
;;;;;;;;;;;;;;;;;;;;;;;;;
;;;;;;;;;;;;;;;;;;;;;;;;;
;;;;;;;;;;;;;;;;;;;;;;;;;
;;;;;;;;;;;;;;;;;;;;;;;;;
;;;;;;;;;;;;;;;;;;;;;;;;;
;;;;;;;;;;;;;;;;;;;;;;;;;
;;;;;;;;;;;;;;;;;;;;;;;;;
;;;;;;;;;;;;;;;;;;;;;;;;;
;;;;;;;;;;;;;;;;;;;;;;;;;
;;;;;;;;;;;;;;;;;;;;;;;;;
;;;;;;;;;;;;;;;;;;;;;;;;;
;;;;;;;;;;;;;;;;;;;;;;;;;
;;;;;;;;;;;;;;;;;;;;;;;;;
;;;;;;;;;;;;;;;;;;;;;;;;;
;;;;;;;;;;;;;;;;;;;;;;;;;
;;;;;;;;;;;;;;;;;;;;;;;;;
;;;;;;;;;;;;;;;;;;;;;;;;;
;;;;;;;;;;;;;;;;;;;;;;;;;
;;;;;;;;;;;;;;;;;;;;;;;;;
;;;;;;;;;;;;;;;;;;;;;;;;;
;;;;;;;;;;;;;;;;;;;;;;;;;
;;;;;;;;;;;;;;;;;;;;;;;;;
;;;;;;;;;;;;;;;;;;;;;;;;;
;;;;;;;;;;;;;;;;;;;;;;;;;
;;;;;;;;;;;;;;;;;;;;;;;;;
;;;;;;;;;;;;;;;;;;;;;;;;;
;;;;;;;;;;;;;;;;;;;;;;;;;
;;;;;;;;;;;;;;;;;;;;;;;;;
;;;;;;;;;;;;;;;;;;;;;;;;;
;;;;;;;;;;;;;;;;;;;;;;;;;
;;;;;;;;;;;;;;;;;;;;;;;;;
;;;;;;;;;;;;;;;;;;;;;;;;;
;;;;;;;;;;;;;;;;;;;;;;;;;
;;;;;;;;;;;;;;;;;;;;;;;;;
;;;;;;;;;;;;;;;;;;;;;;;;;
;;;;;;;;;;;;;;;;;;;;;;;;;
;;;;;;;;;;;;;;;;;;;;;;;;;
;;;;;;;;;;;;;;;;;;;;;;;;;
;;;;;;;;;;;;;;;;;;;;;;;;;
;;;;;;;;;;;;;;;;;;;;;;;;;
;;;;;;;;;;;;;;;;;;;;;;;;;
;;;;;;;;;;;;;;;;;;;;;;;;;
;;;;;;;;;;;;;;;;;;;;;;;;;
;;;;;;;;;;;;;;;;;;;;;;;;;
;;;;;;;;;;;;;;;;;;;;;;;;;
;;;;;;;;;;;;;;;;;;;;;;;;;
;;;;;;;;;;;;;;;;;;;;;;;;;
;;;;;;;;;;;;;;;;;;;;;;;;;
;;;;;;;;;;;;;;;;;;;;;;;;;
;;;;;;;;;;;;;;;;;;;;;;;;;
;;;;;;;;;;;;;;;;;;;;;;;;;
;;;;;;;;;;;;;;;;;;;;;;;;;
;;;;;;;;;;;;;;;;;;;;;;;;;
;;;;;;;;;;;;;;;;;;;;;;;;;
;;;;;;;;;;;;;;;;;;;;;;;;;
;;;;;;;;;;;;;;;;;;;;;;;;;
;;;;;;;;;;;;;;;;;;;;;;;;;
;;;;;;;;;;;;;;;;;;;;;;;;;
;;;;;;;;;;;;;;;;;;;;;;;;;
;;;;;;;;;;;;;;;;;;;;;;;;;
;;;;;;;;;;;;;;;;;;;;;;;;;
;;;;;;;;;;;;;;;;;;;;;;;;;
;;;;;;;;;;;;;;;;;;;;;;;;;
;;;;;;;;;;;;;;;;;;;;;;;;;
;;;;;;;;;;;;;;;;;;;;;;;;;
;;;;;;;;;;;;;;;;;;;;;;;;;
;;;;;;;;;;;;;;;;;;;;;;;;;
;;;;;;;;;;;;;;;;;;;;;;;;;
;;;;;;;;;;;;;;;;;;;;;;;;;
;;;;;;;;;;;;;;;;;;;;;;;;;
;;;;;;;;;;;;;;;;;;;;;;;;;
;;;;;;;;;;;;;;;;;;;;;;;;;
;;;;;;;;;;;;;;;;;;;;;;;;;
;;;;;;;;;;;;;;;;;;;;;;;;;
;;;;;;;;;;;;;;;;;;;;;;;;;
;;;;;;;;;;;;;;;;;;;;;;;;;
;;;;;;;;;;;;;;;;;;;;;;;;;
;;;;;;;;;;;;;;;;;;;;;;;;;
;;;;;;;;;;;;;;;;;;;;;;;;;
;;;;;;;;;;;;;;;;;;;;;;;;;
;;;;;;;;;;;;;;;;;;;;;;;;;
;;;;;;;;;;;;;;;;;;;;;;;;;
;;;;;;;;;;;;;;;;;;;;;;;;;
;;;;;;;;;;;;;;;;;;;;;;;;;
;;;;;;;;;;;;;;;;;;;;;;;;;
;;;;;;;;;;;;;;;;;;;;;;;;;
;;;;;;;;;;;;;;;;;;;;;;;;;
;;;;;;;;;;;;;;;;;;;;;;;;;
;;;;;;;;;;;;;;;;;;;;;;;;;
;;;;;;;;;;;;;;;;;;;;;;;;;
;;;;;;;;;;;;;;;;;;;;;;;;;
;;;;;;;;;;;;;;;;;;;;;;;;;
;;;;;;;;;;;;;;;;;;;;;;;;;
;;;;;;;;;;;;;;;;;;;;;;;;;
;;;;;;;;;;;;;;;;;;;;;;;;;
;;;;;;;;;;;;;;;;;;;;;;;;;
;;;;;;;;;;;;;;;;;;;;;;;;;
;;;;;;;;;;;;;;;;;;;;;;;;;
;;;;;;;;;;;;;;;;;;;;;;;;;
;;;;;;;;;;;;;;;;;;;;;;;;;
;;;;;;;;;;;;;;;;;;;;;;;;;
;;;;;;;;;;;;;;;;;;;;;;;;;
;;;;;;;;;;;;;;;;;;;;;;;;;
;;;;;;;;;;;;;;;;;;;;;;;;;
;;;;;;;;;;;;;;;;;;;;;;;;;
;;;;;;;;;;;;;;;;;;;;;;;;;
;;;;;;;;;;;;;;;;;;;;;;;;;
;;;;;;;;;;;;;;;;;;;;;;;;;
;;;;;;;;;;;;;;;;;;;;;;;;;
;;;;;;;;;;;;;;;;;;;;;;;;;
;;;;;;;;;;;;;;;;;;;;;;;;;
;;;;;;;;;;;;;;;;;;;;;;;;;
;;;;;;;;;;;;;;;;;;;;;;;;;
;;;;;;;;;;;;;;;;;;;;;;;;;
;;;;;;;;;;;;;;;;;;;;;;;;;
;;;;;;;;;;;;;;;;;;;;;;;;;
;;;;;;;;;;;;;;;;;;;;;;;;;
;;;;;;;;;;;;;;;;;;;;;;;;;
;;;;;;;;;;;;;;;;;;;;;;;;;
;;;;;;;;;;;;;;;;;;;;;;;;;
;;;;;;;;;;;;;;;;;;;;;;;;;
;;;;;;;;;;;;;;;;;;;;;;;;;
;;;;;;;;;;;;;;;;;;;;;;;;;
;;;;;;;;;;;;;;;;;;;;;;;;;
;;;;;;;;;;;;;;;;;;;;;;;;;
;;;;;;;;;;;;;;;;;;;;;;;;;
;;;;;;;;;;;;;;;;;;;;;;;;;
;;;;;;;;;;;;;;;;;;;;;;;;;
;;;;;;;;;;;;;;;;;;;;;;;;;
;;;;;;;;;;;;;;;;;;;;;;;;;
;;;;;;;;;;;;;;;;;;;;;;;;;
;;;;;;;;;;;;;;;;;;;;;;;;;
;;;;;;;;;;;;;;;;;;;;;;;;;
;;;;;;;;;;;;;;;;;;;;;;;;;
;;;;;;;;;;;;;;;;;;;;;;;;;
;;;;;;;;;;;;;;;;;;;;;;;;;
;;;;;;;;;;;;;;;;;;;;;;;;;
;;;;;;;;;;;;;;;;;;;;;;;;;
;;;;;;;;;;;;;;;;;;;;;;;;;
;;;;;;;;;;;;;;;;;;;;;;;;;
;;;;;;;;;;;;;;;;;;;;;;;;;
;;;;;;;;;;;;;;;;;;;;;;;;;
;;;;;;;;;;;;;;;;;;;;;;;;;
;;;;;;;;;;;;;;;;;;;;;;;;;
;;;;;;;;;;;;;;;;;;;;;;;;;
;;;;;;;;;;;;;;;;;;;;;;;;;
;;;;;;;;;;;;;;;;;;;;;;;;;
;;;;;;;;;;;;;;;;;;;;;;;;;
;;;;;;;;;;;;;;;;;;;;;;;;;
;;;;;;;;;;;;;;;;;;;;;;;;;
;;;;;;;;;;;;;;;;;;;;;;;;;
;;;;;;;;;;;;;;;;;;;;;;;;;
;;;;;;;;;;;;;;;;;;;;;;;;;
;;;;;;;;;;;;;;;;;;;;;;;;;
;;;;;;;;;;;;;;;;;;;;;;;;;
;;;;;;;;;;;;;;;;;;;;;;;;;
;;;;;;;;;;;;;;;;;;;;;;;;;
;;;;;;;;;;;;;;;;;;;;;;;;;
;;;;;;;;;;;;;;;;;;;;;;;;;
;;;;;;;;;;;;;;;;;;;;;;;;;
;;;;;;;;;;;;;;;;;;;;;;;;;
;;;;;;;;;;;;;;;;;;;;;;;;;
;;;;;;;;;;;;;;;;;;;;;;;;;
;;;;;;;;;;;;;;;;;;;;;;;;;
;;;;;;;;;;;;;;;;;;;;;;;;;
;;;;;;;;;;;;;;;;;;;;;;;;;
;;;;;;;;;;;;;;;;;;;;;;;;;
;;;;;;;;;;;;;;;;;;;;;;;;;
;;;;;;;;;;;;;;;;;;;;;;;;;
;;;;;;;;;;;;;;;;;;;;;;;;;
;;;;;;;;;;;;;;;;;;;;;;;;;
;;;;;;;;;;;;;;;;;;;;;;;;;
;;;;;;;;;;;;;;;;;;;;;;;;;
;;;;;;;;;;;;;;;;;;;;;;;;;
;;;;;;;;;;;;;;;;;;;;;;;;;
;;;;;;;;;;;;;;;;;;;;;;;;;
;;;;;;;;;;;;;;;;;;;;;;;;;
;;;;;;;;;;;;;;;;;;;;;;;;;
;;;;;;;;;;;;;;;;;;;;;;;;;
;;;;;;;;;;;;;;;;;;;;;;;;;
;;;;;;;;;;;;;;;;;;;;;;;;;
;;;;;;;;;;;;;;;;;;;;;;;;;
;;;;;;;;;;;;;;;;;;;;;;;;;
;;;;;;;;;;;;;;;;;;;;;;;;;
;;;;;;;;;;;;;;;;;;;;;;;;;
;;;;;;;;;;;;;;;;;;;;;;;;;
;;;;;;;;;;;;;;;;;;;;;;;;;
;;;;;;;;;;;;;;;;;;;;;;;;;
;;;;;;;;;;;;;;;;;;;;;;;;;
;;;;;;;;;;;;;;;;;;;;;;;;;
;;;;;;;;;;;;;;;;;;;;;;;;;
;;;;;;;;;;;;;;;;;;;;;;;;;
;;;;;;;;;;;;;;;;;;;;;;;;;
;;;;;;;;;;;;;;;;;;;;;;;;;
;;;;;;;;;;;;;;;;;;;;;;;;;
;;;;;;;;;;;;;;;;;;;;;;;;;
;;;;;;;;;;;;;;;;;;;;;;;;;
;;;;;;;;;;;;;;;;;;;;;;;;;
;;;;;;;;;;;;;;;;;;;;;;;;;
;;;;;;;;;;;;;;;;;;;;;;;;;
;;;;;;;;;;;;;;;;;;;;;;;;;
;;;;;;;;;;;;;;;;;;;;;;;;;
;;;;;;;;;;;;;;;;;;;;;;;;;
;;;;;;;;;;;;;;;;;;;;;;;;;
;;;;;;;;;;;;;;;;;;;;;;;;;
;;;;;;;;;;;;;;;;;;;;;;;;;
;;;;;;;;;;;;;;;;;;;;;;;;;
;;;;;;;;;;;;;;;;;;;;;;;;;
;;;;;;;;;;;;;;;;;;;;;;;;;
;;;;;;;;;;;;;;;;;;;;;;;;;
;;;;;;;;;;;;;;;;;;;;;;;;;
;;;;;;;;;;;;;;;;;;;;;;;;;
;;;;;;;;;;;;;;;;;;;;;;;;;
;;;;;;;;;;;;;;;;;;;;;;;;;
;;;;;;;;;;;;;;;;;;;;;;;;;
;;;;;;;;;;;;;;;;;;;;;;;;;
;;;;;;;;;;;;;;;;;;;;;;;;;
;;;;;;;;;;;;;;;;;;;;;;;;;
;;;;;;;;;;;;;;;;;;;;;;;;;
;;;;;;;;;;;;;;;;;;;;;;;;;
;;;;;;;;;;;;;;;;;;;;;;;;;
;;;;;;;;;;;;;;;;;;;;;;;;;
;;;;;;;;;;;;;;;;;;;;;;;;;
;;;;;;;;;;;;;;;;;;;;;;;;;
;;;;;;;;;;;;;;;;;;;;;;;;;
;;;;;;;;;;;;;;;;;;;;;;;;;
;;;;;;;;;;;;;;;;;;;;;;;;;
;;;;;;;;;;;;;;;;;;;;;;;;;
;;;;;;;;;;;;;;;;;;;;;;;;;
;;;;;;;;;;;;;;;;;;;;;;;;;
;;;;;;;;;;;;;;;;;;;;;;;;;
;;;;;;;;;;;;;;;;;;;;;;;;;
;;;;;;;;;;;;;;;;;;;;;;;;;
;;;;;;;;;;;;;;;;;;;;;;;;;
;;;;;;;;;;;;;;;;;;;;;;;;;
;;;;;;;;;;;;;;;;;;;;;;;;;
;;;;;;;;;;;;;;;;;;;;;;;;;
;;;;;;;;;;;;;;;;;;;;;;;;;
;;;;;;;;;;;;;;;;;;;;;;;;;
;;;;;;;;;;;;;;;;;;;;;;;;;
;;;;;;;;;;;;;;;;;;;;;;;;;
;;;;;;;;;;;;;;;;;;;;;;;;;
;;;;;;;;;;;;;;;;;;;;;;;;;
;;;;;;;;;;;;;;;;;;;;;;;;;
;;;;;;;;;;;;;;;;;;;;;;;;;
;;;;;;;;;;;;;;;;;;;;;;;;;
;;;;;;;;;;;;;;;;;;;;;;;;;
;;;;;;;;;;;;;;;;;;;;;;;;;
;;;;;;;;;;;;;;;;;;;;;;;;;
;;;;;;;;;;;;;;;;;;;;;;;;;
;;;;;;;;;;;;;;;;;;;;;;;;;
;;;;;;;;;;;;;;;;;;;;;;;;;
;;;;;;;;;;;;;;;;;;;;;;;;;
;;;;;;;;;;;;;;;;;;;;;;;;;
;;;;;;;;;;;;;;;;;;;;;;;;;
;;;;;;;;;;;;;;;;;;;;;;;;;
;;;;;;;;;;;;;;;;;;;;;;;;;
;;;;;;;;;;;;;;;;;;;;;;;;;
;;;;;;;;;;;;;;;;;;;;;;;;;
;;;;;;;;;;;;;;;;;;;;;;;;;
;;;;;;;;;;;;;;;;;;;;;;;;;
;;;;;;;;;;;;;;;;;;;;;;;;;
;;;;;;;;;;;;;;;;;;;;;;;;;
;;;;;;;;;;;;;;;;;;;;;;;;;
;;;;;;;;;;;;;;;;;;;;;;;;;
;;;;;;;;;;;;;;;;;;;;;;;;;
;;;;;;;;;;;;;;;;;;;;;;;;;
;;;;;;;;;;;;;;;;;;;;;;;;;
;;;;;;;;;;;;;;;;;;;;;;;;;
;;;;;;;;;;;;;;;;;;;;;;;;;
;;;;;;;;;;;;;;;;;;;;;;;;;
;;;;;;;;;;;;;;;;;;;;;;;;;
;;;;;;;;;;;;;;;;;;;;;;;;;
;;;;;;;;;;;;;;;;;;;;;;;;;
;;;;;;;;;;;;;;;;;;;;;;;;;
;;;;;;;;;;;;;;;;;;;;;;;;;
;;;;;;;;;;;;;;;;;;;;;;;;;
;;;;;;;;;;;;;;;;;;;;;;;;;
;;;;;;;;;;;;;;;;;;;;;;;;;
;;;;;;;;;;;;;;;;;;;;;;;;;
;;;;;;;;;;;;;;;;;;;;;;;;;
;;;;;;;;;;;;;;;;;;;;;;;;;
;;;;;;;;;;;;;;;;;;;;;;;;;
;;;;;;;;;;;;;;;;;;;;;;;;;
;;;;;;;;;;;;;;;;;;;;;;;;;
;;;;;;;;;;;;;;;;;;;;;;;;;
;;;;;;;;;;;;;;;;;;;;;;;;;
;;;;;;;;;;;;;;;;;;;;;;;;;
;;;;;;;;;;;;;;;;;;;;;;;;;
;;;;;;;;;;;;;;;;;;;;;;;;;
;;;;;;;;;;;;;;;;;;;;;;;;;
;;;;;;;;;;;;;;;;;;;;;;;;;
;;;;;;;;;;;;;;;;;;;;;;;;;
;;;;;;;;;;;;;;;;;;;;;;;;;
;;;;;;;;;;;;;;;;;;;;;;;;;
;;;;;;;;;;;;;;;;;;;;;;;;;
;;;;;;;;;;;;;;;;;;;;;;;;;
;;;;;;;;;;;;;;;;;;;;;;;;;
;;;;;;;;;;;;;;;;;;;;;;;;;
;;;;;;;;;;;;;;;;;;;;;;;;;
;;;;;;;;;;;;;;;;;;;;;;;;;
;;;;;;;;;;;;;;;;;;;;;;;;;
;;;;;;;;;;;;;;;;;;;;;;;;;
;;;;;;;;;;;;;;;;;;;;;;;;;
;;;;;;;;;;;;;;;;;;;;;;;;;
;;;;;;;;;;;;;;;;;;;;;;;;;
;;;;;;;;;;;;;;;;;;;;;;;;;
;;;;;;;;;;;;;;;;;;;;;;;;;
;;;;;;;;;;;;;;;;;;;;;;;;;
;;;;;;;;;;;;;;;;;;;;;;;;;
;;;;;;;;;;;;;;;;;;;;;;;;;
;;;;;;;;;;;;;;;;;;;;;;;;;
;;;;;;;;;;;;;;;;;;;;;;;;;
;;;;;;;;;;;;;;;;;;;;;;;;;
;;;;;;;;;;;;;;;;;;;;;;;;;
;;;;;;;;;;;;;;;;;;;;;;;;;
;;;;;;;;;;;;;;;;;;;;;;;;;
;;;;;;;;;;;;;;;;;;;;;;;;;
;;;;;;;;;;;;;;;;;;;;;;;;;
;;;;;;;;;;;;;;;;;;;;;;;;;
;;;;;;;;;;;;;;;;;;;;;;;;;
;;;;;;;;;;;;;;;;;;;;;;;;;
;;;;;;;;;;;;;;;;;;;;;;;;;
;;;;;;;;;;;;;;;;;;;;;;;;;
;;;;;;;;;;;;;;;;;;;;;;;;;
;;;;;;;;;;;;;;;;;;;;;;;;;
;;;;;;;;;;;;;;;;;;;;;;;;;
;;;;;;;;;;;;;;;;;;;;;;;;;
;;;;;;;;;;;;;;;;;;;;;;;;;
;;;;;;;;;;;;;;;;;;;;;;;;;
;;;;;;;;;;;;;;;;;;;;;;;;;
;;;;;;;;;;;;;;;;;;;;;;;;;
;;;;;;;;;;;;;;;;;;;;;;;;;
;;;;;;;;;;;;;;;;;;;;;;;;;
;;;;;;;;;;;;;;;;;;;;;;;;;
;;;;;;;;;;;;;;;;;;;;;;;;;
;;;;;;;;;;;;;;;;;;;;;;;;;
;;;;;;;;;;;;;;;;;;;;;;;;;
;;;;;;;;;;;;;;;;;;;;;;;;;
;;;;;;;;;;;;;;;;;;;;;;;;;
;;;;;;;;;;;;;;;;;;;;;;;;;
;;;;;;;;;;;;;;;;;;;;;;;;;
;;;;;;;;;;;;;;;;;;;;;;;;;
;;;;;;;;;;;;;;;;;;;;;;;;;
;;;;;;;;;;;;;;;;;;;;;;;;;
;;;;;;;;;;;;;;;;;;;;;;;;;
;;;;;;;;;;;;;;;;;;;;;;;;;
;;;;;;;;;;;;;;;;;;;;;;;;;
;;;;;;;;;;;;;;;;;;;;;;;;;
;;;;;;;;;;;;;;;;;;;;;;;;;
;;;;;;;;;;;;;;;;;;;;;;;;;
;;;;;;;;;;;;;;;;;;;;;;;;;
;;;;;;;;;;;;;;;;;;;;;;;;;
;;;;;;;;;;;;;;;;;;;;;;;;;
;;;;;;;;;;;;;;;;;;;;;;;;;
;;;;;;;;;;;;;;;;;;;;;;;;;
;;;;;;;;;;;;;;;;;;;;;;;;;
;;;;;;;;;;;;;;;;;;;;;;;;;
;;;;;;;;;;;;;;;;;;;;;;;;;
;;;;;;;;;;;;;;;;;;;;;;;;;
;;;;;;;;;;;;;;;;;;;;;;;;;
;;;;;;;;;;;;;;;;;;;;;;;;;
;;;;;;;;;;;;;;;;;;;;;;;;;
;;;;;;;;;;;;;;;;;;;;;;;;;
;;;;;;;;;;;;;;;;;;;;;;;;;
;;;;;;;;;;;;;;;;;;;;;;;;;
;;;;;;;;;;;;;;;;;;;;;;;;;
;;;;;;;;;;;;;;;;;;;;;;;;;
;;;;;;;;;;;;;;;;;;;;;;;;;
;;;;;;;;;;;;;;;;;;;;;;;;;
;;;;;;;;;;;;;;;;;;;;;;;;;
;;;;;;;;;;;;;;;;;;;;;;;;;
;;;;;;;;;;;;;;;;;;;;;;;;;
;;;;;;;;;;;;;;;;;;;;;;;;;
;;;;;;;;;;;;;;;;;;;;;;;;;
;;;;;;;;;;;;;;;;;;;;;;;;;
;;;;;;;;;;;;;;;;;;;;;;;;;
;;;;;;;;;;;;;;;;;;;;;;;;;
;;;;;;;;;;;;;;;;;;;;;;;;;
;;;;;;;;;;;;;;;;;;;;;;;;;
;;;;;;;;;;;;;;;;;;;;;;;;;
;;;;;;;;;;;;;;;;;;;;;;;;;
;;;;;;;;;;;;;;;;;;;;;;;;;
;;;;;;;;;;;;;;;;;;;;;;;;;
;;;;;;;;;;;;;;;;;;;;;;;;;
;;;;;;;;;;;;;;;;;;;;;;;;;
;;;;;;;;;;;;;;;;;;;;;;;;;
;;;;;;;;;;;;;;;;;;;;;;;;;
;;;;;;;;;;;;;;;;;;;;;;;;;
;;;;;;;;;;;;;;;;;;;;;;;;;
;;;;;;;;;;;;;;;;;;;;;;;;;
;;;;;;;;;;;;;;;;;;;;;;;;;
;;;;;;;;;;;;;;;;;;;;;;;;;
;;;;;;;;;;;;;;;;;;;;;;;;;
;;;;;;;;;;;;;;;;;;;;;;;;;
;;;;;;;;;;;;;;;;;;;;;;;;;
;;;;;;;;;;;;;;;;;;;;;;;;;
;;;;;;;;;;;;;;;;;;;;;;;;;
;;;;;;;;;;;;;;;;;;;;;;;;;
;;;;;;;;;;;;;;;;;;;;;;;;;
;;;;;;;;;;;;;;;;;;;;;;;;;
;;;;;;;;;;;;;;;;;;;;;;;;;
;;;;;;;;;;;;;;;;;;;;;;;;;
;;;;;;;;;;;;;;;;;;;;;;;;;
;;;;;;;;;;;;;;;;;;;;;;;;;
;;;;;;;;;;;;;;;;;;;;;;;;;
;;;;;;;;;;;;;;;;;;;;;;;;;
;;;;;;;;;;;;;;;;;;;;;;;;;
;;;;;;;;;;;;;;;;;;;;;;;;;
;;;;;;;;;;;;;;;;;;;;;;;;;
;;;;;;;;;;;;;;;;;;;;;;;;;
;;;;;;;;;;;;;;;;;;;;;;;;;
;;;;;;;;;;;;;;;;;;;;;;;;;
;;;;;;;;;;;;;;;;;;;;;;;;;
;;;;;;;;;;;;;;;;;;;;;;;;;
;;;;;;;;;;;;;;;;;;;;;;;;;
;;;;;;;;;;;;;;;;;;;;;;;;;
;;;;;;;;;;;;;;;;;;;;;;;;;
;;;;;;;;;;;;;;;;;;;;;;;;;
;;;;;;;;;;;;;;;;;;;;;;;;;
;;;;;;;;;;;;;;;;;;;;;;;;;
;;;;;;;;;;;;;;;;;;;;;;;;;
;;;;;;;;;;;;;;;;;;;;;;;;;
;;;;;;;;;;;;;;;;;;;;;;;;;
;;;;;;;;;;;;;;;;;;;;;;;;;
;;;;;;;;;;;;;;;;;;;;;;;;;
;;;;;;;;;;;;;;;;;;;;;;;;;
;;;;;;;;;;;;;;;;;;;;;;;;;
;;;;;;;;;;;;;;;;;;;;;;;;;
;;;;;;;;;;;;;;;;;;;;;;;;;
;;;;;;;;;;;;;;;;;;;;;;;;;
;;;;;;;;;;;;;;;;;;;;;;;;;
;;;;;;;;;;;;;;;;;;;;;;;;;
;;;;;;;;;;;;;;;;;;;;;;;;;
;;;;;;;;;;;;;;;;;;;;;;;;;
;;;;;;;;;;;;;;;;;;;;;;;;;
;;;;;;;;;;;;;;;;;;;;;;;;;
;;;;;;;;;;;;;;;;;;;;;;;;;
;;;;;;;;;;;;;;;;;;;;;;;;;
;;;;;;;;;;;;;;;;;;;;;;;;;
;;;;;;;;;;;;;;;;;;;;;;;;;
;;;;;;;;;;;;;;;;;;;;;;;;;
;;;;;;;;;;;;;;;;;;;;;;;;;
;;;;;;;;;;;;;;;;;;;;;;;;;
;;;;;;;;;;;;;;;;;;;;;;;;;
;;;;;;;;;;;;;;;;;;;;;;;;;
;;;;;;;;;;;;;;;;;;;;;;;;;
;;;;;;;;;;;;;;;;;;;;;;;;;
;;;;;;;;;;;;;;;;;;;;;;;;;
;;;;;;;;;;;;;;;;;;;;;;;;;
;;;;;;;;;;;;;;;;;;;;;;;;;
;;;;;;;;;;;;;;;;;;;;;;;;;
;;;;;;;;;;;;;;;;;;;;;;;;;
;;;;;;;;;;;;;;;;;;;;;;;;;
;;;;;;;;;;;;;;;;;;;;;;;;;
;;;;;;;;;;;;;;;;;;;;;;;;;
;;;;;;;;;;;;;;;;;;;;;;;;;
;;;;;;;;;;;;;;;;;;;;;;;;;
;;;;;;;;;;;;;;;;;;;;;;;;;
;;;;;;;;;;;;;;;;;;;;;;;;;
;;;;;;;;;;;;;;;;;;;;;;;;;
;;;;;;;;;;;;;;;;;;;;;;;;;
;;;;;;;;;;;;;;;;;;;;;;;;;
;;;;;;;;;;;;;;;;;;;;;;;;;
;;;;;;;;;;;;;;;;;;;;;;;;;
;;;;;;;;;;;;;;;;;;;;;;;;;
;;;;;;;;;;;;;;;;;;;;;;;;;
;;;;;;;;;;;;;;;;;;;;;;;;;
;;;;;;;;;;;;;;;;;;;;;;;;;
;;;;;;;;;;;;;;;;;;;;;;;;;
;;;;;;;;;;;;;;;;;;;;;;;;;
;;;;;;;;;;;;;;;;;;;;;;;;;
;;;;;;;;;;;;;;;;;;;;;;;;;
;;;;;;;;;;;;;;;;;;;;;;;;;
;;;;;;;;;;;;;;;;;;;;;;;;;
;;;;;;;;;;;;;;;;;;;;;;;;;
;;;;;;;;;;;;;;;;;;;;;;;;;
;;;;;;;;;;;;;;;;;;;;;;;;;
;;;;;;;;;;;;;;;;;;;;;;;;;
;;;;;;;;;;;;;;;;;;;;;;;;;
;;;;;;;;;;;;;;;;;;;;;;;;;
;;;;;;;;;;;;;;;;;;;;;;;;;
;;;;;;;;;;;;;;;;;;;;;;;;;
;;;;;;;;;;;;;;;;;;;;;;;;;
;;;;;;;;;;;;;;;;;;;;;;;;;
;;;;;;;;;;;;;;;;;;;;;;;;;
;;;;;;;;;;;;;;;;;;;;;;;;;
;;;;;;;;;;;;;;;;;;;;;;;;;
;;;;;;;;;;;;;;;;;;;;;;;;;
;;;;;;;;;;;;;;;;;;;;;;;;;
;;;;;;;;;;;;;;;;;;;;;;;;;
;;;;;;;;;;;;;;;;;;;;;;;;;
;;;;;;;;;;;;;;;;;;;;;;;;;
;;;;;;;;;;;;;;;;;;;;;;;;;
;;;;;;;;;;;;;;;;;;;;;;;;;
;;;;;;;;;;;;;;;;;;;;;;;;;
;;;;;;;;;;;;;;;;;;;;;;;;;
;;;;;;;;;;;;;;;;;;;;;;;;;
;;;;;;;;;;;;;;;;;;;;;;;;;
;;;;;;;;;;;;;;;;;;;;;;;;;
;;;;;;;;;;;;;;;;;;;;;;;;;
;;;;;;;;;;;;;;;;;;;;;;;;;
;;;;;;;;;;;;;;;;;;;;;;;;;
;;;;;;;;;;;;;;;;;;;;;;;;;
;;;;;;;;;;;;;;;;;;;;;;;;;
;;;;;;;;;;;;;;;;;;;;;;;;;
;;;;;;;;;;;;;;;;;;;;;;;;;
;;;;;;;;;;;;;;;;;;;;;;;;;
;;;;;;;;;;;;;;;;;;;;;;;;;
;;;;;;;;;;;;;;;;;;;;;;;;;
;;;;;;;;;;;;;;;;;;;;;;;;;
;;;;;;;;;;;;;;;;;;;;;;;;;
;;;;;;;;;;;;;;;;;;;;;;;;;
;;;;;;;;;;;;;;;;;;;;;;;;;
;;;;;;;;;;;;;;;;;;;;;;;;;
;;;;;;;;;;;;;;;;;;;;;;;;;
;;;;;;;;;;;;;;;;;;;;;;;;;
;;;;;;;;;;;;;;;;;;;;;;;;;
;;;;;;;;;;;;;;;;;;;;;;;;;
;;;;;;;;;;;;;;;;;;;;;;;;;
;;;;;;;;;;;;;;;;;;;;;;;;;
;;;;;;;;;;;;;;;;;;;;;;;;;
;;;;;;;;;;;;;;;;;;;;;;;;;
;;;;;;;;;;;;;;;;;;;;;;;;;
;;;;;;;;;;;;;;;;;;;;;;;;;
;;;;;;;;;;;;;;;;;;;;;;;;;
;;;;;;;;;;;;;;;;;;;;;;;;;
;;;;;;;;;;;;;;;;;;;;;;;;;
;;;;;;;;;;;;;;;;;;;;;;;;;
;;;;;;;;;;;;;;;;;;;;;;;;;
;;;;;;;;;;;;;;;;;;;;;;;;;
;;;;;;;;;;;;;;;;;;;;;;;;;
;;;;;;;;;;;;;;;;;;;;;;;;;
;;;;;;;;;;;;;;;;;;;;;;;;;
;;;;;;;;;;;;;;;;;;;;;;;;;
;;;;;;;;;;;;;;;;;;;;;;;;;
;;;;;;;;;;;;;;;;;;;;;;;;;
;;;;;;;;;;;;;;;;;;;;;;;;;
;;;;;;;;;;;;;;;;;;;;;;;;;
;;;;;;;;;;;;;;;;;;;;;;;;;
;;;;;;;;;;;;;;;;;;;;;;;;;
;;;;;;;;;;;;;;;;;;;;;;;;;
;;;;;;;;;;;;;;;;;;;;;;;;;
;;;;;;;;;;;;;;;;;;;;;;;;;
;;;;;;;;;;;;;;;;;;;;;;;;;
;;;;;;;;;;;;;;;;;;;;;;;;;
;;;;;;;;;;;;;;;;;;;;;;;;;
;;;;;;;;;;;;;;;;;;;;;;;;;
;;;;;;;;;;;;;;;;;;;;;;;;;
;;;;;;;;;;;;;;;;;;;;;;;;;
;;;;;;;;;;;;;;;;;;;;;;;;;
;;;;;;;;;;;;;;;;;;;;;;;;;
;;;;;;;;;;;;;;;;;;;;;;;;;
;;;;;;;;;;;;;;;;;;;;;;;;;
;;;;;;;;;;;;;;;;;;;;;;;;;
;;;;;;;;;;;;;;;;;;;;;;;;;
;;;;;;;;;;;;;;;;;;;;;;;;;
;;;;;;;;;;;;;;;;;;;;;;;;;
;;;;;;;;;;;;;;;;;;;;;;;;;
;;;;;;;;;;;;;;;;;;;;;;;;;
;;;;;;;;;;;;;;;;;;;;;;;;;
;;;;;;;;;;;;;;;;;;;;;;;;;
;;;;;;;;;;;;;;;;;;;;;;;;;
;;;;;;;;;;;;;;;;;;;;;;;;;
;;;;;;;;;;;;;;;;;;;;;;;;;
;;;;;;;;;;;;;;;;;;;;;;;;;
;;;;;;;;;;;;;;;;;;;;;;;;;
;;;;;;;;;;;;;;;;;;;;;;;;;
;;;;;;;;;;;;;;;;;;;;;;;;;
;;;;;;;;;;;;;;;;;;;;;;;;;
;;;;;;;;;;;;;;;;;;;;;;;;;
;;;;;;;;;;;;;;;;;;;;;;;;;
;;;;;;;;;;;;;;;;;;;;;;;;;
;;;;;;;;;;;;;;;;;;;;;;;;;
;;;;;;;;;;;;;;;;;;;;;;;;;
;;;;;;;;;;;;;;;;;;;;;;;;;
;;;;;;;;;;;;;;;;;;;;;;;;;
;;;;;;;;;;;;;;;;;;;;;;;;;
;;;;;;;;;;;;;;;;;;;;;;;;;
;;;;;;;;;;;;;;;;;;;;;;;;;
;;;;;;;;;;;;;;;;;;;;;;;;;
;;;;;;;;;;;;;;;;;;;;;;;;;
;;;;;;;;;;;;;;;;;;;;;;;;;
;;;;;;;;;;;;;;;;;;;;;;;;;
;;;;;;;;;;;;;;;;;;;;;;;;;
;;;;;;;;;;;;;;;;;;;;;;;;;
;;;;;;;;;;;;;;;;;;;;;;;;;
;;;;;;;;;;;;;;;;;;;;;;;;;
;;;;;;;;;;;;;;;;;;;;;;;;;
;;;;;;;;;;;;;;;;;;;;;;;;;
;;;;;;;;;;;;;;;;;;;;;;;;;
;;;;;;;;;;;;;;;;;;;;;;;;;
;;;;;;;;;;;;;;;;;;;;;;;;;
;;;;;;;;;;;;;;;;;;;;;;;;;
;;;;;;;;;;;;;;;;;;;;;;;;;
;;;;;;;;;;;;;;;;;;;;;;;;;
;;;;;;;;;;;;;;;;;;;;;;;;;
;;;;;;;;;;;;;;;;;;;;;;;;;
;;;;;;;;;;;;;;;;;;;;;;;;;
;;;;;;;;;;;;;;;;;;;;;;;;;
;;;;;;;;;;;;;;;;;;;;;;;;;
;;;;;;;;;;;;;;;;;;;;;;;;;
;;;;;;;;;;;;;;;;;;;;;;;;;
;;;;;;;;;;;;;;;;;;;;;;;;;
;;;;;;;;;;;;;;;;;;;;;;;;;
;;;;;;;;;;;;;;;;;;;;;;;;;
;;;;;;;;;;;;;;;;;;;;;;;;;
;;;;;;;;;;;;;;;;;;;;;;;;;
;;;;;;;;;;;;;;;;;;;;;;;;;
;;;;;;;;;;;;;;;;;;;;;;;;;
;;;;;;;;;;;;;;;;;;;;;;;;;
;;;;;;;;;;;;;;;;;;;;;;;;;
;;;;;;;;;;;;;;;;;;;;;;;;;
;;;;;;;;;;;;;;;;;;;;;;;;;
;;;;;;;;;;;;;;;;;;;;;;;;;
;;;;;;;;;;;;;;;;;;;;;;;;;
;;;;;;;;;;;;;;;;;;;;;;;;;
;;;;;;;;;;;;;;;;;;;;;;;;;
;;;;;;;;;;;;;;;;;;;;;;;;;
;;;;;;;;;;;;;;;;;;;;;;;;;
;;;;;;;;;;;;;;;;;;;;;;;;;
;;;;;;;;;;;;;;;;;;;;;;;;;
;;;;;;;;;;;;;;;;;;;;;;;;;
;;;;;;;;;;;;;;;;;;;;;;;;;
;;;;;;;;;;;;;;;;;;;;;;;;;
;;;;;;;;;;;;;;;;;;;;;;;;;
;;;;;;;;;;;;;;;;;;;;;;;;;
;;;;;;;;;;;;;;;;;;;;;;;;;
;;;;;;;;;;;;;;;;;;;;;;;;;
;;;;;;;;;;;;;;;;;;;;;;;;;
;;;;;;;;;;;;;;;;;;;;;;;;;
;;;;;;;;;;;;;;;;;;;;;;;;;
;;;;;;;;;;;;;;;;;;;;;;;;;
;;;;;;;;;;;;;;;;;;;;;;;;;
;;;;;;;;;;;;;;;;;;;;;;;;;
;;;;;;;;;;;;;;;;;;;;;;;;;
;;;;;;;;;;;;;;;;;;;;;;;;;
;;;;;;;;;;;;;;;;;;;;;;;;;
;;;;;;;;;;;;;;;;;;;;;;;;;
;;;;;;;;;;;;;;;;;;;;;;;;;
;;;;;;;;;;;;;;;;;;;;;;;;;
;;;;;;;;;;;;;;;;;;;;;;;;;
;;;;;;;;;;;;;;;;;;;;;;;;;
;;;;;;;;;;;;;;;;;;;;;;;;;
;;;;;;;;;;;;;;;;;;;;;;;;;
;;;;;;;;;;;;;;;;;;;;;;;;;
;;;;;;;;;;;;;;;;;;;;;;;;;
;;;;;;;;;;;;;;;;;;;;;;;;;
;;;;;;;;;;;;;;;;;;;;;;;;;
;;;;;;;;;;;;;;;;;;;;;;;;;
;;;;;;;;;;;;;;;;;;;;;;;;;
;;;;;;;;;;;;;;;;;;;;;;;;;
;;;;;;;;;;;;;;;;;;;;;;;;;
;;;;;;;;;;;;;;;;;;;;;;;;;
;;;;;;;;;;;;;;;;;;;;;;;;;
;;;;;;;;;;;;;;;;;;;;;;;;;
;;;;;;;;;;;;;;;;;;;;;;;;;
;;;;;;;;;;;;;;;;;;;;;;;;;
;;;;;;;;;;;;;;;;;;;;;;;;;
;;;;;;;;;;;;;;;;;;;;;;;;;
;;;;;;;;;;;;;;;;;;;;;;;;;
;;;;;;;;;;;;;;;;;;;;;;;;;
;;;;;;;;;;;;;;;;;;;;;;;;;
;;;;;;;;;;;;;;;;;;;;;;;;;
;;;;;;;;;;;;;;;;;;;;;;;;;
;;;;;;;;;;;;;;;;;;;;;;;;;
;;;;;;;;;;;;;;;;;;;;;;;;;
;;;;;;;;;;;;;;;;;;;;;;;;;
;;;;;;;;;;;;;;;;;;;;;;;;;
;;;;;;;;;;;;;;;;;;;;;;;;;
;;;;;;;;;;;;;;;;;;;;;;;;;
;;;;;;;;;;;;;;;;;;;;;;;;;
;;;;;;;;;;;;;;;;;;;;;;;;;
;;;;;;;;;;;;;;;;;;;;;;;;;
;;;;;;;;;;;;;;;;;;;;;;;;;
;;;;;;;;;;;;;;;;;;;;;;;;;
;;;;;;;;;;;;;;;;;;;;;;;;;
;;;;;;;;;;;;;;;;;;;;;;;;;
;;;;;;;;;;;;;;;;;;;;;;;;;
;;;;;;;;;;;;;;;;;;;;;;;;;
;;;;;;;;;;;;;;;;;;;;;;;;;
;;;;;;;;;;;;;;;;;;;;;;;;;
;;;;;;;;;;;;;;;;;;;;;;;;;
;;;;;;;;;;;;;;;;;;;;;;;;;
;;;;;;;;;;;;;;;;;;;;;;;;;
;;;;;;;;;;;;;;;;;;;;;;;;;
;;;;;;;;;;;;;;;;;;;;;;;;;
;;;;;;;;;;;;;;;;;;;;;;;;;
;;;;;;;;;;;;;;;;;;;;;;;;;
;;;;;;;;;;;;;;;;;;;;;;;;;
;;;;;;;;;;;;;;;;;;;;;;;;;
;;;;;;;;;;;;;;;;;;;;;;;;;
;;;;;;;;;;;;;;;;;;;;;;;;;
;;;;;;;;;;;;;;;;;;;;;;;;;
;;;;;;;;;;;;;;;;;;;;;;;;;
;;;;;;;;;;;;;;;;;;;;;;;;;
;;;;;;;;;;;;;;;;;;;;;;;;;
;;;;;;;;;;;;;;;;;;;;;;;;;
;;;;;;;;;;;;;;;;;;;;;;;;;
;;;;;;;;;;;;;;;;;;;;;;;;;
;;;;;;;;;;;;;;;;;;;;;;;;;
;;;;;;;;;;;;;;;;;;;;;;;;;
;;;;;;;;;;;;;;;;;;;;;;;;;
;;;;;;;;;;;;;;;;;;;;;;;;;
;;;;;;;;;;;;;;;;;;;;;;;;;
;;;;;;;;;;;;;;;;;;;;;;;;;
;;;;;;;;;;;;;;;;;;;;;;;;;
;;;;;;;;;;;;;;;;;;;;;;;;;
;;;;;;;;;;;;;;;;;;;;;;;;;
;;;;;;;;;;;;;;;;;;;;;;;;;
;;;;;;;;;;;;;;;;;;;;;;;;;
;;;;;;;;;;;;;;;;;;;;;;;;;
;;;;;;;;;;;;;;;;;;;;;;;;;
;;;;;;;;;;;;;;;;;;;;;;;;;
;;;;;;;;;;;;;;;;;;;;;;;;;
;;;;;;;;;;;;;;;;;;;;;;;;;
;;;;;;;;;;;;;;;;;;;;;;;;;